,participant_id,valuable_experience,chance_of_job,program_community,broader_movement,mentor,next_generation_leaders,relationships_virtual_hybrid
0,2,Strongly Agree,Improved my chances a great deal,Strongly Agree,Strongly Agree,Strongly Agree,Strongly Agree,Strongly Agree
1,8,Strongly Agree,Improved my chances a great deal,Agree,Somewhat Agree,Agree,Agree,Agree
2,9,Strongly Agree,Improved my chances quite a bit,Somewhat Agree,Agree,Strongly Agree,Strongly Agree,Somewhat Agree
3,10,Strongly Agree,Improved my chances a great deal,Strongly Agree,Strongly Agree,Strongly Agree,Strongly Agree,Strongly Agree
4,11,Strongly Agree,Improved my chances a great deal,Strongly Agree,Strongly Agree,Strongly Agree,Strongly Agree,Strongly Agree
5,12,Agree,Improved my chances quite a bit,Strongly Agree,Strongly Agree,Strongly Agree,Agree,Agree
6,13,Neither Agree nor Disagree,Improved my chances quite a bit,Somewhat Agree,Neither Agree nor Disagree,Disagree,Strongly Agree,Strongly Agree
7,14,Agree,Improved my chances a great deal,Agree,Agree,Agree,Agree,Agree
8,15,Agree,Improved my chances quite a bit,Agree,Agree,Agree,Agree,Agree
9,17,Strongly Agree,Improved my chances a great deal,Strongly Agree,Strongly Agree,Strongly Agree,Strongly Agree,Strongly Agree
10,19,Strongly Agree,Improved my chances a great deal,Agree,Strongly Agree,Strongly Agree,Strongly Agree,Strongly Agree
11,20,Strongly Agree,Improved my chances a great deal,Agree,Agree,Strongly Agree,Agree,Agree
12,21,Agree,Improved my chances quite a bit,Strongly Agree,Strongly Agree,Agree,Strongly Agree,Strongly Agree
13,22,Agree,Improved my chances quite a bit,Agree,Agree,Agree,Agree,Agree
14,24,Strongly Agree,Improved my chances quite a bit,Somewhat Agree,Neither Agree nor Disagree,Agree,Strongly Agree,Strongly Agree
15,25,Strongly Agree,Improved my chances a great deal,Strongly Agree,Strongly Agree,Strongly Agree,Strongly Agree,Strongly Agree
16,26,Strongly Agree,Improved my chances a great deal,Strongly Agree,Strongly Agree,Agree,Strongly Agree,Agree
17,27,Strongly Agree,Improved my chances a great deal,Strongly Agree,Strongly Agree,Agree,Strongly Agree,Strongly Agree
18,28,Strongly Agree,Improved my chances a great deal,Agree,Agree,Agree,Agree,Agree
19,29,Moderately Agree,Improved my chances quite a bit,Somewhat Agree,Neither Agree nor Disagree,Somewhat Agree,Somewhat Agree,Somewhat Agree
20,30,Agree,Improved my chances quite a bit,Somewhat Agree,Strongly Agree,Somewhat Agree,Somewhat Agree,Agree
21,31,Strongly Agree,Improved my chances a great deal,Agree,Somewhat Agree,Agree,Agree,Agree
22,32,Strongly Agree,Improved my chances a great deal,Strongly Agree,Strongly Agree,Strongly Agree,Strongly Agree,Somewhat Agree
23,33,Strongly Agree,Improved my chances a great deal,Strongly Agree,Strongly Agree,Neither Agree nor Disagree,Strongly Agree,Strongly Agree
24,34,Agree,Improved my chances quite a bit,Neither Agree nor Disagree,Somewhat Agree,Strongly Agree,Agree,Agree
25,36,Agree,Improved my chances quite a bit,Agree,Agree,Agree,Agree,Agree
26,37,Agree,Improved my chances a great deal,Neither Agree nor Disagree,Somewhat Agree,Somewhat Agree,Agree,Strongly Agree
27,38,Strongly Agree,Improved my chances a great deal,Agree,Agree,Agree,Agree,Agree
28,42,Agree,Improved my chances a great deal,Somewhat Agree,Agree,Somewhat Agree,Strongly Agree,Strongly Agree
29,43,Agree,Improved my chances quite a bit,Strongly Agree,Strongly Agree,Strongly Agree,Strongly Agree,Strongly Agree
30,44,Strongly Agree,Improved my chances a great deal,Strongly Agree,Strongly Agree,Strongly Agree,Strongly Agree,Strongly Agree
31,45,Agree,Improved my chances quite a bit,Agree,Agree,Agree,Strongly Agree,Agree
32,46,Strongly Agree,Improved my chances a great deal,Agree,Strongly Agree,Neither Agree nor Disagree,Strongly Agree,Agree
33,55,Strongly Agree,Improved my chances a great deal,Strongly Agree,Strongly Agree,Strongly Agree,Strongly Agree,Strongly Agree
34,56,Strongly Agree,Improved my chances a great deal,Strongly Agree,Strongly Agree,Strongly Agree,Strongly Agree,Strongly Agree
35,57,Strongly Agree,Improved my chances a great deal,Strongly Agree,Strongly Agree,Strongly Agree,Strongly Agree,Strongly Agree
36,58,Strongly Agree,Improved my chances a great deal,Somewhat Agree,Somewhat Agree,Agree,Strongly Agree,Agree
37,59,Moderately Agree,Improved my chances quite a bit,Somewhat Agree,Agree,Agree,Agree,Strongly Agree
38,60,Agree,Improved my chances quite a bit,Agree,Agree,Neither Agree nor Disagree,Agree,Agree
39,61,Agree,Improved my chances quite a bit,Agree,Agree,Agree,Agree,Agree
40,62,Agree,Moderately improved my chances,Agree,Agree,Neither Agree nor Disagree,Somewhat Agree,Agree
41,63,Moderately Agree,Improved my chances quite a bit,Agree,Agree,Agree,Agree,Agree
42,67,Strongly Agree,Improved my chances a great deal,Strongly Agree,Strongly Agree,Strongly Agree,Strongly Agree,Strongly Agree
43,69,Strongly Agree,Improved my chances a great deal,Strongly Agree,Strongly Agree,Strongly Agree,Strongly Agree,Somewhat Agree
44,70,Strongly Agree,Improved my chances a great deal,Strongly Agree,Strongly Agree,Strongly Agree,Strongly Agree,Somewhat Agree
45,71,Moderately Agree,Moderately improved my chances,Somewhat Agree,Somewhat Agree,Somewhat Agree,Somewhat Agree,Somewhat Agree
46,72,Neither Agree nor Disagree,Improved my chances a great deal,Strongly Agree,Strongly Agree,Neither Agree nor Disagree,Strongly Agree,Strongly Agree
47,74,Strongly Agree,Improved my chances a great deal,Neither Agree nor Disagree,Neither Agree nor Disagree,Neither Agree nor Disagree,Strongly Agree,Agree
48,81,Agree,Improved my chances a great deal,Strongly Agree,Strongly Agree,Agree,Strongly Agree,Strongly Agree
49,85,Strongly Agree,Improved my chances a great deal,Strongly Agree,Strongly Agree,Strongly Agree,Strongly Agree,Strongly Agree
50,86,Agree,Improved my chances a great deal,Agree,Agree,Neither Agree nor Disagree,Agree,Agree
51,87,Neither Agree nor Disagree,Improved my chances a little,Somewhat Disagree,Somewhat Disagree,Somewhat Disagree,Somewhat Agree,Agree
52,88,Strongly Agree,Improved my chances a great deal,Agree,Agree,Agree,Agree,Somewhat Agree
53,89,Strongly Agree,Improved my chances a great deal,Strongly Agree,Neither Agree nor Disagree,Neither Agree nor Disagree,Neither Agree nor Disagree,Neither Agree nor Disagree
54,90,Agree,Improved my chances quite a bit,Strongly Agree,Strongly Agree,Strongly Agree,Strongly Agree,Strongly Agree
55,92,Moderately Agree,Moderately improved my chances,Agree,Somewhat Agree,Strongly Agree,Strongly Agree,Strongly Agree
56,93,Moderately Agree,Improved my chances a little,Neither Agree nor Disagree,Neither Agree nor Disagree,Somewhat Agree,Strongly Agree,Neither Agree nor Disagree
57,96,Neither Agree nor Disagree,Moderately improved my chances,Neither Agree nor Disagree,Neither Agree nor Disagree,Neither Agree nor Disagree,Neither Agree nor Disagree,Neither Agree nor Disagree
58,98,Agree,Improved my chances a great deal,Agree,Agree,Agree,Strongly Agree,Agree
59,99,Strongly Agree,Improved my chances a great deal,Strongly Agree,Strongly Agree,Strongly Agree,Strongly Agree,Strongly Agree
60,103,Strongly Agree,Improved my chances a great deal,Strongly Agree,Strongly Agree,Strongly Agree,Strongly Agree,Strongly Agree
61,104,Agree,Improved my chances quite a bit,Agree,Somewhat Agree,Agree,Agree,Somewhat Agree
62,105,Agree,Improved my chances quite a bit,Neither Agree nor Disagree,Neither Agree nor Disagree,Neither Agree nor Disagree,Neither Agree nor Disagree,Neither Agree nor Disagree
63,106,Strongly Agree,Improved my chances a great deal,Agree,Agree,Neither Agree nor Disagree,Agree,Agree
64,107,Strongly Agree,Improved my chances a great deal,Strongly Agree,Strongly Agree,Strongly Agree,Strongly Agree,Strongly Agree
65,108,Agree,Improved my chances quite a bit,Neither Agree nor Disagree,Neither Agree nor Disagree,Neither Agree nor Disagree,Neither Agree nor Disagree,Neither Agree nor Disagree
66,109,Moderately Agree,Improved my chances quite a bit,Somewhat Agree,Somewhat Agree,Neither Agree nor Disagree,Neither Agree nor Disagree,Agree
67,117,Strongly Disagree,Improved my chances a great deal,Strongly Disagree,Strongly Disagree,Strongly Disagree,Strongly Disagree,Strongly Disagree
68,118,Agree,Improved my chances a great deal,Agree,Strongly Agree,Agree,Strongly Agree,Somewhat Agree
69,119,Strongly Agree,Improved my chances a great deal,Strongly Agree,Strongly Agree,Strongly Agree,Strongly Agree,Strongly Agree
70,120,Strongly Agree,Improved my chances quite a bit,Strongly Agree,Strongly Agree,Agree,Strongly Agree,Strongly Agree
71,121,Strongly Agree,Improved my chances a great deal,Somewhat Agree,Agree,Somewhat Agree,Strongly Agree,Strongly Agree
72,122,Strongly Agree,Improved my chances a great deal,Strongly Agree,Strongly Agree,Neither Agree nor Disagree,Strongly Agree,Agree
73,123,Moderately Disagree,Improved my chances quite a bit,Neither Agree nor Disagree,Disagree,Strongly Agree,Strongly Agree,Strongly Agree
74,124,Strongly Agree,Improved my chances a great deal,Strongly Agree,Strongly Agree,Agree,Strongly Agree,Strongly Agree
75,125,Moderately Agree,Improved my chances quite a bit,Agree,Agree,Agree,Strongly Agree,Agree
76,126,Strongly Agree,Improved my chances quite a bit,Strongly Agree,Strongly Agree,Strongly Agree,Strongly Agree,Strongly Agree
77,127,Agree,Improved my chances a great deal,Agree,Agree,Neither Agree nor Disagree,Agree,Agree
78,128,Agree,Improved my chances quite a bit,Agree,Agree,Agree,Strongly Agree,Agree
79,129,Strongly Agree,Improved my chances a great deal,Strongly Agree,Strongly Agree,Disagree,Strongly Agree,Strongly Agree
80,130,Agree,Improved my chances a great deal,Agree,Agree,Agree,Agree,Agree
81,131,Strongly Agree,Improved my chances a little,Strongly Agree,Strongly Agree,Strongly Agree,Strongly Agree,Strongly Agree
82,132,Strongly Agree,Improved my chances a great deal,Strongly Agree,Strongly Agree,Strongly Agree,Strongly Agree,Strongly Agree
83,133,Agree,Moderately improved my chances,Somewhat Agree,Somewhat Agree,Agree,Agree,Somewhat Agree
84,134,Agree,Improved my chances quite a bit,Agree,Agree,Agree,Agree,Agree
85,135,Agree,Improved my chances quite a bit,Agree,Neither Agree nor Disagree,Somewhat Agree,Agree,Neither Agree nor Disagree
86,136,Moderately Agree,Improved my chances a little,Somewhat Agree,Agree,Somewhat Agree,Strongly Agree,Agree
87,137,Strongly Agree,Improved my chances a great deal,Neither Agree nor Disagree,Somewhat Agree,Agree,Strongly Agree,Disagree
88,138,Strongly Agree,Improved my chances a great deal,Strongly Agree,Strongly Agree,Neither Agree nor Disagree,Strongly Agree,Strongly Agree
89,139,Strongly Agree,Improved my chances a great deal,Strongly Agree,Strongly Agree,Strongly Agree,Strongly Agree,Strongly Agree
90,140,Moderately Agree,Improved my chances quite a bit,Somewhat Agree,Somewhat Agree,Strongly Agree,Strongly Agree,Strongly Agree
91,142,Agree,Improved my chances quite a bit,Agree,Agree,Somewhat Agree,Agree,Agree
92,143,Agree,Moderately improved my chances,Agree,Somewhat Agree,Somewhat Agree,Agree,Strongly Agree
93,144,Strongly Agree,Improved my chances a great deal,Strongly Agree,Strongly Agree,Strongly Agree,Strongly Agree,Strongly Agree
94,145,Agree,Improved my chances quite a bit,Strongly Agree,Strongly Agree,Strongly Agree,Strongly Agree,Somewhat Agree
95,146,Moderately Agree,Improved my chances quite a bit,Somewhat Agree,Neither Agree nor Disagree,Neither Agree nor Disagree,Agree,Neither Agree nor Disagree
96,147,Moderately Agree,Improved my chances quite a bit,Neither Agree nor Disagree,Neither Agree nor Disagree,Somewhat Agree,Strongly Agree,Neither Agree nor Disagree
97,148,Agree,Improved my chances quite a bit,Agree,Strongly Agree,Strongly Agree,Strongly Agree,Somewhat Agree
98,149,Strongly Agree,Improved my chances a great deal,Strongly Agree,Strongly Agree,Strongly Agree,Strongly Agree,Strongly Agree
99,150,Neither Agree nor Disagree,Improved my chances quite a bit,Neither Agree nor Disagree,Neither Agree nor Disagree,Strongly Agree,Agree,Agree
100,151,Moderately Agree,Improved my chances quite a bit,Somewhat Agree,Somewhat Agree,Agree,Somewhat Agree,Somewhat Agree
101,152,Agree,Improved my chances quite a bit,Agree,Neither Agree nor Disagree,Neither Agree nor Disagree,Strongly Agree,Somewhat Agree
102,153,Moderately Agree,Improved my chances a little,Somewhat Agree,Strongly Agree,Agree,Strongly Agree,Agree
103,154,Agree,Moderately improved my chances,Agree,Somewhat Agree,Somewhat Agree,Agree,Somewhat Agree
104,155,Moderately Agree,Improved my chances quite a bit,Somewhat Agree,Agree,Strongly Agree,Agree,Agree
105,156,Neither Agree nor Disagree,Improved my chances a little,Agree,Somewhat Agree,Neither Agree nor Disagree,Somewhat Agree,Somewhat Agree
106,157,Neither Agree nor Disagree,Moderately improved my chances,Neither Agree nor Disagree,Neither Agree nor Disagree,Neither Agree nor Disagree,Somewhat Agree,Neither Agree nor Disagree
107,158,Strongly Agree,Improved my chances a great deal,Agree,Strongly Agree,Somewhat Agree,Strongly Agree,Agree
108,159,Strongly Agree,Improved my chances a great deal,Strongly Agree,Strongly Agree,Strongly Agree,Strongly Agree,Strongly Agree
109,160,Strongly Agree,Improved my chances quite a bit,Somewhat Agree,Somewhat Agree,Neither Agree nor Disagree,Somewhat Agree,Strongly Agree
110,161,Agree,Improved my chances a great deal,Agree,Agree,Agree,Agree,Agree
111,162,Moderately Agree,Improved my chances quite a bit,Neither Agree nor Disagree,Neither Agree nor Disagree,Neither Agree nor Disagree,Agree,Strongly Disagree
112,163,Moderately Agree,Moderately improved my chances,Somewhat Agree,Somewhat Agree,Somewhat Agree,Agree,Agree
113,164,Neither Agree nor Disagree,Improved my chances quite a bit,Somewhat Agree,Somewhat Agree,Agree,Agree,Somewhat Agree
114,166,Agree,Improved my chances quite a bit,Strongly Agree,Agree,Neither Agree nor Disagree,Somewhat Agree,Agree
115,167,Strongly Agree,Improved my chances a great deal,Strongly Agree,Strongly Agree,Strongly Agree,Strongly Agree,Strongly Agree
116,168,Agree,Moderately improved my chances,Somewhat Agree,Somewhat Agree,Somewhat Agree,Strongly Agree,Agree
117,169,Strongly Agree,Improved my chances a great deal,Strongly Agree,Strongly Agree,Agree,Agree,Strongly Agree
118,170,Neither Agree nor Disagree,Improved my chances quite a bit,Neither Agree nor Disagree,Somewhat Agree,Strongly Agree,Agree,Agree
119,171,Agree,Improved my chances quite a bit,Agree,Somewhat Agree,Agree,Agree,Somewhat Agree
120,172,Neither Agree nor Disagree,Moderately improved my chances,Somewhat Agree,Neither Agree nor Disagree,Somewhat Agree,Agree,Strongly Agree
121,173,Strongly Agree,Improved my chances a great deal,Strongly Agree,Strongly Agree,Strongly Agree,Strongly Agree,Strongly Agree
122,200,Strongly Agree,Improved my chances a great deal,Strongly Agree,Strongly Agree,Strongly Agree,Strongly Agree,Strongly Agree
123,261,Strongly Agree,Improved my chances a great deal,Strongly Agree,Strongly Agree,Strongly Agree,Strongly Agree,Strongly Agree
124,264,Strongly Agree,Improved my chances a great deal,Strongly Agree,Strongly Agree,Neither Agree nor Disagree,Strongly Agree,Strongly Agree
125,279,Agree,Improved my chances quite a bit,Somewhat Agree,Somewhat Agree,Agree,Agree,Strongly Agree
126,285,Strongly Agree,Improved my chances a great deal,Strongly Agree,Strongly Agree,Strongly Agree,Strongly Agree,Strongly Agree
127,337,Strongly Agree,Improved my chances a great deal,Strongly Agree,Strongly Agree,Strongly Agree,Strongly Agree,Strongly Agree
128,357,Strongly Agree,Improved my chances a great deal,Agree,Agree,Neither Agree nor Disagree,Somewhat Agree,Agree
129,378,Strongly Agree,Improved my chances a great deal,Strongly Agree,Strongly Agree,Disagree,Strongly Agree,Strongly Agree
130,379,Moderately Agree,Moderately improved my chances,Agree,Somewhat Agree,Neither Agree nor Disagree,Strongly Agree,Neither Agree nor Disagree
131,380,Neither Agree nor Disagree,Improved my chances a little,Neither Agree nor Disagree,Neither Agree nor Disagree,Neither Agree nor Disagree,Neither Agree nor Disagree,Neither Agree nor Disagree
132,381,Strongly Agree,Improved my chances a great deal,Strongly Agree,Strongly Agree,Neither Agree nor Disagree,Somewhat Agree,Strongly Agree
133,382,Neither Agree nor Disagree,Improved my chances a little,Neither Agree nor Disagree,Neither Agree nor Disagree,Somewhat Agree,Somewhat Agree,Somewhat Agree
134,383,Strongly Agree,Improved my chances a great deal,Strongly Agree,Strongly Agree,Strongly Agree,Strongly Agree,Strongly Agree
135,384,Agree,Improved my chances quite a bit,Agree,Agree,Strongly Agree,Strongly Agree,Strongly Agree
136,385,Strongly Agree,Improved my chances a great deal,Strongly Agree,Strongly Agree,Strongly Agree,Strongly Agree,Strongly Agree
137,386,Agree,Moderately improved my chances,Agree,Agree,Agree,Agree,Agree
138,387,Moderately Agree,Moderately improved my chances,Strongly Agree,Agree,Somewhat Agree,Agree,Somewhat Agree
139,388,Agree,Improved my chances quite a bit,Somewhat Agree,Neither Agree nor Disagree,Somewhat Agree,Neither Agree nor Disagree,Neither Agree nor Disagree
140,389,Agree,Improved my chances quite a bit,Somewhat Agree,Somewhat Agree,Agree,Agree,Agree
141,390,Agree,Improved my chances quite a bit,Agree,Agree,Agree,Strongly Agree,Agree
142,391,Strongly Agree,Improved my chances quite a bit,Somewhat Agree,Agree,Agree,Strongly Agree,Agree
143,392,Neither Agree nor Disagree,Moderately improved my chances,Neither Agree nor Disagree,Neither Agree nor Disagree,Somewhat Agree,Somewhat Agree,Somewhat Agree
144,393,Strongly Agree,Improved my chances quite a bit,Agree,Strongly Agree,Strongly Agree,Strongly Agree,Strongly Agree
145,394,Strongly Agree,Improved my chances a great deal,Somewhat Agree,Agree,Somewhat Agree,Agree,Somewhat Agree
146,395,Strongly Agree,Improved my chances a little,Strongly Agree,Strongly Agree,Strongly Agree,Strongly Agree,Strongly Agree
147,396,Strongly Agree,Improved my chances a great deal,Agree,Agree,Neither Agree nor Disagree,Agree,Agree
148,397,Agree,Improved my chances a great deal,Agree,Agree,Neither Agree nor Disagree,Agree,Neither Agree nor Disagree
149,398,Strongly Agree,Improved my chances a great deal,Agree,Agree,Agree,Agree,Agree
150,399,Strongly Agree,Improved my chances a great deal,Strongly Agree,Strongly Agree,Strongly Agree,Strongly Agree,Strongly Agree
151,400,Strongly Agree,Improved my chances a great deal,Agree,Agree,Agree,Agree,Agree
152,401,Strongly Agree,Improved my chances a great deal,Strongly Agree,Strongly Agree,Strongly Agree,Strongly Agree,Neither Agree nor Disagree
153,402,Strongly Agree,Improved my chances a great deal,Strongly Agree,Strongly Agree,Strongly Agree,Strongly Agree,Strongly Agree
154,403,Strongly Agree,Improved my chances quite a bit,Agree,Agree,Somewhat Agree,Agree,Agree
155,404,Agree,Improved my chances a great deal,Strongly Agree,Strongly Agree,Agree,Strongly Agree,Strongly Agree
156,405,Strongly Agree,Improved my chances a great deal,Agree,Agree,Agree,Agree,Agree
157,406,Agree,Moderately improved my chances,Neither Agree nor Disagree,Agree,Agree,Agree,Agree
158,407,Strongly Agree,Improved my chances a great deal,Strongly Agree,Strongly Agree,Strongly Agree,Strongly Agree,Strongly Agree
159,408,Strongly Agree,Improved my chances a great deal,Strongly Agree,Strongly Agree,Strongly Agree,Strongly Agree,Strongly Agree
160,409,Strongly Agree,Improved my chances a great deal,Strongly Agree,Strongly Agree,Agree,Strongly Agree,Strongly Agree
161,410,Strongly Agree,Improved my chances a great deal,Strongly Agree,Strongly Agree,Strongly Agree,Strongly Agree,Strongly Agree
162,411,Strongly Agree,Moderately improved my chances,Strongly Agree,Strongly Agree,Strongly Agree,Agree,Strongly Agree
163,412,Strongly Agree,Improved my chances a great deal,Agree,Strongly Agree,Strongly Agree,Strongly Agree,Agree
164,413,Strongly Agree,Improved my chances a great deal,Strongly Agree,Strongly Agree,Strongly Agree,Strongly Agree,Strongly Agree
165,414,Strongly Agree,Improved my chances a great deal,Strongly Agree,Strongly Agree,Strongly Agree,Strongly Agree,Strongly Agree
166,415,Strongly Agree,Improved my chances a great deal,Somewhat Agree,Neither Agree nor Disagree,Neither Agree nor Disagree,Strongly Agree,Somewhat Agree
167,416,Neither Agree nor Disagree,Moderately improved my chances,Neither Agree nor Disagree,Neither Agree nor Disagree,Somewhat Agree,Strongly Agree,Somewhat Agree
168,417,Agree,Improved my chances quite a bit,Strongly Agree,Strongly Agree,Strongly Agree,Strongly Agree,Agree
169,418,Strongly Agree,Improved my chances a great deal,Agree,Strongly Agree,Strongly Agree,Strongly Agree,Agree
170,419,Strongly Agree,Improved my chances a great deal,Agree,Agree,Strongly Agree,Strongly Agree,Agree
171,420,Neither Agree nor Disagree,Moderately improved my chances,Somewhat Agree,Neither Agree nor Disagree,Somewhat Agree,Somewhat Agree,Neither Agree nor Disagree
172,421,Agree,Improved my chances a great deal,Agree,Agree,Agree,Strongly Agree,Agree
173,422,Agree,Improved my chances quite a bit,Agree,Agree,Agree,Agree,Somewhat Agree
174,423,Strongly Agree,Improved my chances a great deal,Strongly Agree,Strongly Agree,Strongly Agree,Strongly Agree,Strongly Agree
175,424,Neither Agree nor Disagree,Moderately improved my chances,Somewhat Agree,Somewhat Agree,Strongly Agree,Agree,Agree
176,425,Agree,Improved my chances quite a bit,Somewhat Agree,Agree,Somewhat Agree,Strongly Agree,Strongly Agree
177,426,Strongly Agree,Improved my chances quite a bit,Agree,Agree,Agree,Agree,Agree
178,427,Strongly Agree,Improved my chances a great deal,Strongly Agree,Strongly Agree,Strongly Agree,Strongly Agree,Strongly Agree
179,428,Strongly Agree,Improved my chances a great deal,Agree,Agree,Agree,Agree,Agree
180,429,Strongly Agree,Improved my chances a great deal,Strongly Agree,Strongly Agree,Strongly Agree,Strongly Agree,Strongly Agree
181,430,Strongly Agree,Improved my chances a great deal,Strongly Agree,Strongly Agree,Neither Agree nor Disagree,Strongly Agree,Strongly Agree
182,431,Strongly Agree,Improved my chances a great deal,Agree,Agree,Somewhat Agree,Somewhat Agree,Strongly Agree
183,432,Strongly Agree,Improved my chances a great deal,Somewhat Agree,Somewhat Agree,Agree,Agree,Strongly Agree
184,433,Strongly Agree,Improved my chances a great deal,Agree,Agree,Strongly Agree,Strongly Agree,Strongly Agree
185,434,Agree,Moderately improved my chances,Somewhat Agree,Somewhat Agree,Somewhat Agree,Agree,Somewhat Agree
186,435,Strongly Agree,Improved my chances a great deal,Agree,Strongly Agree,Strongly Agree,Strongly Agree,Strongly Agree
187,436,Strongly Agree,Improved my chances a great deal,Strongly Agree,Strongly Agree,Neither Agree nor Disagree,Strongly Agree,Strongly Agree
188,437,Strongly Agree,Improved my chances a great deal,Strongly Agree,Strongly Agree,Strongly Agree,Strongly Agree,Strongly Agree
189,438,Agree,Moderately improved my chances,Somewhat Agree,Somewhat Agree,Agree,Agree,Agree
190,439,Strongly Agree,Improved my chances a great deal,Agree,Strongly Agree,Agree,Strongly Agree,Strongly Agree
191,440,Agree,Improved my chances quite a bit,Somewhat Agree,Agree,Neither Agree nor Disagree,Strongly Agree,Somewhat Agree
192,441,Agree,Improved my chances quite a bit,Somewhat Agree,Somewhat Agree,Somewhat Agree,Somewhat Agree,Somewhat Agree
193,442,Strongly Agree,Improved my chances a great deal,Somewhat Agree,Somewhat Agree,Somewhat Agree,Somewhat Agree,Somewhat Agree
194,443,Moderately Agree,Improved my chances quite a bit,Agree,Neither Agree nor Disagree,Disagree,Agree,Somewhat Agree
195,444,Strongly Agree,Improved my chances a great deal,Agree,Agree,Agree,Strongly Agree,Agree
196,445,Strongly Agree,Improved my chances a great deal,Strongly Agree,Strongly Agree,Strongly Agree,Strongly Agree,Strongly Agree
197,446,Moderately Agree,Improved my chances quite a bit,Somewhat Agree,Somewhat Agree,Somewhat Agree,Somewhat Agree,Somewhat Agree
198,447,Strongly Agree,Improved my chances a great deal,Strongly Agree,Strongly Agree,Strongly Agree,Strongly Agree,Strongly Agree
199,448,Moderately Agree,Improved my chances quite a bit,Somewhat Agree,Somewhat Agree,Somewhat Agree,Somewhat Agree,Agree
200,449,Strongly Agree,Improved my chances a great deal,Strongly Agree,Strongly Agree,Strongly Agree,Strongly Agree,Strongly Agree
201,450,Agree,Improved my chances a great deal,Strongly Agree,Agree,Agree,Strongly Agree,Strongly Agree
202,451,Agree,Moderately improved my chances,Somewhat Agree,Neither Agree nor Disagree,Somewhat Agree,Agree,Agree
203,452,Strongly Agree,Improved my chances a great deal,Strongly Agree,Strongly Agree,Strongly Agree,Strongly Agree,Strongly Agree
204,453,Agree,Improved my chances a great deal,Strongly Agree,Strongly Agree,Agree,Strongly Agree,Strongly Agree
205,454,Strongly Agree,Improved my chances a great deal,Agree,Agree,Agree,Strongly Agree,Agree
206,455,Strongly Agree,Improved my chances a great deal,Strongly Agree,Strongly Agree,Strongly Agree,Strongly Agree,Strongly Agree
207,456,Agree,Improved my chances quite a bit,Agree,Agree,Agree,Strongly Agree,Strongly Agree
208,457,Strongly Agree,Improved my chances a great deal,Strongly Agree,Strongly Agree,Strongly Agree,Strongly Agree,Strongly Agree
209,458,Strongly Agree,Improved my chances a great deal,Agree,Strongly Agree,Agree,Strongly Agree,Agree
210,459,Strongly Agree,Improved my chances a great deal,Agree,Strongly Agree,Agree,Agree,Agree
211,460,Agree,Improved my chances quite a bit,Neither Agree nor Disagree,Neither Agree nor Disagree,Agree,Agree,Agree
212,461,Strongly Agree,Improved my chances a great deal,Strongly Agree,Strongly Agree,Strongly Agree,Strongly Agree,Strongly Agree
213,462,Agree,Improved my chances quite a bit,Somewhat Agree,Neither Agree nor Disagree,Neither Agree nor Disagree,Agree,Neither Agree nor Disagree
214,463,Agree,Improved my chances a great deal,Agree,Agree,Agree,Agree,Agree
215,464,Strongly Agree,Improved my chances quite a bit,Strongly Agree,Strongly Agree,Strongly Agree,Strongly Agree,Strongly Agree
216,465,Agree,Improved my chances a great deal,Agree,Agree,Agree,Agree,Agree
217,466,Moderately Agree,Improved my chances quite a bit,Strongly Agree,Strongly Agree,Strongly Agree,Strongly Agree,Strongly Agree
218,467,Strongly Agree,Improved my chances a great deal,Strongly Agree,Strongly Agree,Strongly Agree,Strongly Agree,Strongly Agree
219,468,Strongly Agree,Improved my chances a great deal,Strongly Agree,Strongly Agree,Strongly Agree,Strongly Agree,Strongly Agree
220,469,Neither Agree nor Disagree,Moderately improved my chances,Neither Agree nor Disagree,Neither Agree nor Disagree,Agree,Agree,Somewhat Agree
221,470,Agree,Moderately improved my chances,Agree,Agree,Agree,Agree,Agree
222,471,Neither Agree nor Disagree,Moderately improved my chances,Neither Agree nor Disagree,Neither Agree nor Disagree,Neither Agree nor Disagree,Neither Agree nor Disagree,Neither Agree nor Disagree
223,472,Strongly Agree,Improved my chances a great deal,Strongly Agree,Strongly Agree,Strongly Agree,Strongly Agree,Strongly Agree
224,473,Strongly Agree,Improved my chances a great deal,Strongly Agree,Strongly Agree,Strongly Agree,Strongly Agree,Strongly Agree
225,474,Strongly Disagree,Improved my chances a great deal,Strongly Agree,Strongly Agree,Strongly Agree,Strongly Agree,Strongly Agree
226,475,Moderately Agree,Improved my chances quite a bit,Agree,Agree,Agree,Agree,Agree
227,476,Strongly Agree,Improved my chances a great deal,Strongly Agree,Strongly Agree,Strongly Agree,Strongly Agree,Strongly Agree
228,477,Strongly Agree,Improved my chances a great deal,Agree,Agree,Strongly Agree,Strongly Agree,Agree
229,478,Strongly Agree,Improved my chances a great deal,Strongly Agree,Strongly Agree,Strongly Agree,Strongly Agree,Strongly Agree
230,479,Neither Agree nor Disagree,Moderately improved my chances,Neither Agree nor Disagree,Neither Agree nor Disagree,Neither Agree nor Disagree,Neither Agree nor Disagree,Neither Agree nor Disagree
231,480,Agree,Improved my chances quite a bit,Somewhat Agree,Agree,Agree,Agree,Strongly Agree
232,481,Moderately Disagree,Improved my chances a little,Somewhat Agree,Somewhat Agree,Agree,Agree,Agree
233,482,Neither Agree nor Disagree,Improved my chances quite a bit,Somewhat Agree,Somewhat Agree,Strongly Agree,Strongly Agree,Agree
234,483,Strongly Agree,Improved my chances a great deal,Strongly Agree,Strongly Agree,Strongly Agree,Strongly Agree,Strongly Agree
235,484,Strongly Agree,Improved my chances a great deal,Strongly Agree,Strongly Agree,Strongly Agree,Strongly Agree,Strongly Agree
236,485,Strongly Agree,Improved my chances a great deal,Agree,Agree,Neither Agree nor Disagree,Agree,Strongly Agree
237,486,Strongly Agree,Improved my chances a great deal,Strongly Agree,Strongly Agree,Neither Agree nor Disagree,Strongly Agree,Strongly Agree
238,487,Strongly Agree,Improved my chances a great deal,Strongly Agree,Strongly Agree,Strongly Agree,Strongly Agree,Strongly Agree
239,488,Moderately Agree,Improved my chances quite a bit,Somewhat Agree,Somewhat Agree,Somewhat Agree,Somewhat Agree,Somewhat Agree
240,489,Strongly Agree,Improved my chances a great deal,Strongly Agree,Strongly Agree,Strongly Agree,Strongly Agree,Strongly Agree
241,490,Strongly Agree,Improved my chances a great deal,Strongly Agree,Strongly Agree,Strongly Agree,Strongly Agree,Strongly Agree
242,491,Strongly Agree,Improved my chances a great deal,Strongly Agree,Strongly Agree,Strongly Agree,Strongly Agree,Strongly Agree
243,492,Strongly Agree,Improved my chances a great deal,Strongly Agree,Strongly Agree,Strongly Agree,Strongly Agree,Strongly Agree
244,493,Agree,Improved my chances quite a bit,Agree,Somewhat Agree,Agree,Agree,Agree
245,494,Agree,Improved my chances a great deal,Agree,Agree,Somewhat Agree,Strongly Agree,Agree
246,495,Moderately Agree,Improved my chances a great deal,Somewhat Agree,Somewhat Agree,Agree,Strongly Agree,Agree
247,496,Strongly Agree,Improved my chances a great deal,Strongly Agree,Strongly Agree,Strongly Agree,Strongly Agree,Strongly Agree
248,497,Moderately Disagree,Moderately improved my chances,Somewhat Disagree,Neither Agree nor Disagree,Somewhat Agree,Strongly Agree,Somewhat Disagree
249,498,Strongly Agree,Moderately improved my chances,Neither Agree nor Disagree,Somewhat Agree,Neither Agree nor Disagree,Somewhat Agree,Agree
250,499,Neither Agree nor Disagree,Improved my chances a little,Neither Agree nor Disagree,Neither Agree nor Disagree,Agree,Agree,Somewhat Agree
251,500,Strongly Agree,Improved my chances a great deal,Agree,Agree,Disagree,Strongly Agree,Strongly Agree
252,501,Strongly Agree,Improved my chances a great deal,Strongly Agree,Strongly Agree,Strongly Agree,Strongly Agree,Strongly Agree
253,502,Strongly Agree,Improved my chances a great deal,Strongly Agree,Strongly Agree,Strongly Agree,Strongly Agree,Strongly Agree
254,503,Strongly Agree,Improved my chances a great deal,Strongly Agree,Strongly Agree,Strongly Agree,Strongly Agree,Strongly Agree
255,504,Moderately Agree,Moderately improved my chances,Neither Agree nor Disagree,Neither Agree nor Disagree,Neither Agree nor Disagree,Agree,Somewhat Agree
256,505,Strongly Agree,Improved my chances a great deal,Strongly Agree,Strongly Agree,Strongly Agree,Strongly Agree,Strongly Agree
257,506,Strongly Agree,Improved my chances a great deal,Agree,Agree,Strongly Agree,Agree,Somewhat Agree
258,507,Strongly Agree,Improved my chances a great deal,Agree,Strongly Agree,Strongly Agree,Strongly Agree,Strongly Agree
259,508,Agree,Improved my chances quite a bit,Strongly Agree,Agree,Somewhat Disagree,Strongly Agree,Strongly Agree
260,509,Strongly Agree,Improved my chances quite a bit,Somewhat Agree,Agree,Strongly Agree,Strongly Agree,Agree
261,510,Agree,Improved my chances quite a bit,Neither Agree nor Disagree,Neither Agree nor Disagree,Neither Agree nor Disagree,Neither Agree nor Disagree,Neither Agree nor Disagree
262,511,Strongly Agree,Improved my chances a great deal,Strongly Agree,Strongly Agree,Strongly Agree,Strongly Agree,Strongly Agree
263,512,Strongly Agree,Improved my chances a great deal,Agree,Agree,Agree,Agree,Agree
264,513,Agree,Improved my chances a great deal,Somewhat Agree,Somewhat Agree,Somewhat Agree,Agree,Agree
265,514,Agree,Improved my chances a great deal,Agree,Agree,Agree,Agree,Agree
266,515,Agree,Improved my chances a great deal,Strongly Agree,Strongly Agree,Strongly Agree,Strongly Agree,Strongly Agree
267,516,Strongly Agree,Improved my chances a great deal,Strongly Agree,Strongly Agree,Strongly Agree,Strongly Agree,Strongly Agree
268,517,Strongly Agree,Improved my chances a great deal,Strongly Agree,Strongly Agree,Strongly Agree,Strongly Agree,Strongly Agree
269,518,Strongly Agree,Improved my chances a great deal,Strongly Agree,Strongly Agree,Strongly Agree,Strongly Agree,Strongly Agree
270,519,Moderately Agree,Improved my chances quite a bit,Agree,Agree,Agree,Agree,Agree
271,520,Neither Agree nor Disagree,Improved my chances quite a bit,Somewhat Agree,Somewhat Agree,Agree,Agree,Agree
272,521,Strongly Agree,Improved my chances a great deal,Strongly Agree,Strongly Agree,Neither Agree nor Disagree,Strongly Agree,Agree
273,522,Strongly Agree,Improved my chances quite a bit,Strongly Agree,Strongly Agree,Strongly Agree,Strongly Agree,Strongly Agree
274,523,Strongly Agree,Improved my chances a great deal,Strongly Agree,Strongly Agree,Strongly Agree,Strongly Agree,Strongly Agree
275,524,Moderately Agree,Improved my chances quite a bit,Agree,Agree,Disagree,Agree,Agree
276,525,Agree,Moderately improved my chances,Somewhat Agree,Somewhat Agree,Somewhat Agree,Agree,Somewhat Agree
277,526,Strongly Agree,Improved my chances a great deal,Strongly Agree,Strongly Agree,Strongly Agree,Strongly Agree,Strongly Agree
278,527,Strongly Agree,Improved my chances a great deal,Somewhat Agree,Somewhat Agree,Neither Agree nor Disagree,Strongly Agree,Agree
279,528,Strongly Agree,Improved my chances quite a bit,Strongly Agree,Strongly Agree,Strongly Agree,Strongly Agree,Strongly Agree
280,529,Agree,Improved my chances a great deal,Somewhat Agree,Agree,Agree,Agree,Agree
281,530,Agree,Improved my chances quite a bit,Agree,Somewhat Agree,Somewhat Agree,Strongly Agree,Somewhat Agree
282,531,Strongly Agree,Improved my chances a great deal,Agree,Agree,Agree,Agree,Agree
283,532,Agree,Moderately improved my chances,Agree,Agree,Strongly Agree,Agree,Somewhat Agree
284,533,Strongly Agree,Improved my chances a great deal,Strongly Agree,Strongly Agree,Strongly Agree,Strongly Agree,Strongly Agree
285,534,Strongly Agree,Improved my chances a great deal,Strongly Agree,Strongly Agree,Neither Agree nor Disagree,Strongly Agree,Agree
286,535,Moderately Agree,Moderately improved my chances,Somewhat Agree,Somewhat Agree,Somewhat Agree,Somewhat Agree,Somewhat Agree
287,536,Strongly Agree,Improved my chances quite a bit,Strongly Agree,Strongly Agree,Strongly Agree,Strongly Agree,Strongly Agree
288,537,Strongly Agree,Improved my chances a great deal,Strongly Agree,Strongly Agree,Strongly Agree,Strongly Agree,Strongly Agree
289,538,Strongly Agree,Improved my chances a great deal,Agree,Agree,Agree,Strongly Agree,Agree
290,539,Strongly Agree,Improved my chances a great deal,Strongly Agree,Agree,Strongly Agree,Strongly Agree,Strongly Agree
291,540,Strongly Agree,Improved my chances a great deal,Strongly Agree,Strongly Agree,Strongly Agree,Strongly Agree,Strongly Agree
292,541,Moderately Agree,Improved my chances quite a bit,Neither Agree nor Disagree,Neither Agree nor Disagree,Somewhat Agree,Somewhat Agree,Somewhat Agree
293,542,Agree,Improved my chances quite a bit,Neither Agree nor Disagree,Neither Agree nor Disagree,Agree,Agree,Neither Agree nor Disagree
294,543,Strongly Agree,Improved my chances a great deal,Strongly Agree,Strongly Agree,Strongly Agree,Strongly Agree,Strongly Agree
295,544,Strongly Agree,Improved my chances a great deal,Strongly Agree,Strongly Agree,Strongly Agree,Strongly Agree,Strongly Agree
296,545,Neither Agree nor Disagree,Improved my chances a little,Neither Agree nor Disagree,Neither Agree nor Disagree,Agree,Neither Agree nor Disagree,Neither Agree nor Disagree
297,546,Agree,Improved my chances a little,Somewhat Agree,Strongly Agree,Strongly Agree,Strongly Agree,Neither Agree nor Disagree
298,547,Strongly Agree,Improved my chances a great deal,Strongly Agree,Strongly Agree,Strongly Agree,Strongly Agree,Strongly Agree
299,548,Moderately Agree,Improved my chances quite a bit,Agree,Agree,Agree,Agree,Agree
300,549,Strongly Agree,Improved my chances a great deal,Neither Agree nor Disagree,Neither Agree nor Disagree,Somewhat Agree,Somewhat Agree,Neither Agree nor Disagree
301,550,Agree,Improved my chances quite a bit,Neither Agree nor Disagree,Neither Agree nor Disagree,Neither Agree nor Disagree,Neither Agree nor Disagree,Neither Agree nor Disagree
302,551,Agree,Improved my chances a great deal,Somewhat Agree,Agree,Strongly Agree,Strongly Agree,Somewhat Agree
303,552,Strongly Agree,Improved my chances a great deal,Somewhat Agree,Neither Agree nor Disagree,Strongly Agree,Strongly Agree,Agree
304,553,Agree,Improved my chances quite a bit,Somewhat Agree,Neither Agree nor Disagree,Somewhat Agree,Agree,Somewhat Agree
305,554,Agree,Improved my chances quite a bit,Somewhat Disagree,Agree,Agree,Strongly Agree,Agree
306,555,Strongly Agree,Improved my chances a great deal,Strongly Agree,Strongly Agree,Strongly Agree,Strongly Agree,Strongly Agree
307,556,Strongly Agree,Improved my chances a great deal,Agree,Agree,Somewhat Disagree,Somewhat Agree,Disagree
308,557,Strongly Agree,Improved my chances a great deal,Somewhat Agree,Somewhat Agree,Strongly Agree,Strongly Agree,Strongly Agree
309,558,Strongly Agree,Improved my chances a great deal,Strongly Agree,Strongly Agree,Strongly Agree,Strongly Agree,Strongly Agree
310,559,Agree,Improved my chances quite a bit,Agree,Somewhat Agree,Agree,Agree,Strongly Agree
311,560,Strongly Agree,Improved my chances a great deal,Strongly Agree,Strongly Agree,Strongly Agree,Strongly Agree,Strongly Agree
312,561,Moderately Disagree,Did not improve my chances at all,Strongly Disagree,Strongly Disagree,Strongly Disagree,Agree,Disagree
313,562,Agree,Improved my chances a great deal,Somewhat Agree,Agree,Somewhat Agree,Agree,Agree
314,563,Neither Agree nor Disagree,Moderately improved my chances,Neither Agree nor Disagree,Neither Agree nor Disagree,Somewhat Agree,Agree,Agree
315,564,Neither Agree nor Disagree,Moderately improved my chances,Neither Agree nor Disagree,Neither Agree nor Disagree,Neither Agree nor Disagree,Neither Agree nor Disagree,Neither Agree nor Disagree
316,565,Agree,Improved my chances a great deal,Strongly Agree,Strongly Agree,Agree,Strongly Agree,Somewhat Agree
317,566,Strongly Agree,Improved my chances a great deal,Agree,Somewhat Agree,Somewhat Disagree,Strongly Agree,Strongly Agree
318,567,Strongly Agree,Improved my chances a great deal,Agree,Agree,Somewhat Agree,Strongly Agree,Somewhat Agree
319,568,Moderately Agree,Improved my chances quite a bit,Somewhat Agree,Somewhat Agree,Somewhat Agree,Somewhat Agree,Somewhat Agree
320,569,Agree,Improved my chances a great deal,Somewhat Agree,Somewhat Agree,Neither Agree nor Disagree,Strongly Agree,Agree
321,570,Moderately Agree,Improved my chances quite a bit,Neither Agree nor Disagree,Neither Agree nor Disagree,Neither Agree nor Disagree,Neither Agree nor Disagree,Neither Agree nor Disagree
322,571,Agree,Improved my chances a great deal,Agree,Somewhat Agree,Agree,Agree,Agree
323,572,Agree,Improved my chances a great deal,Somewhat Agree,Agree,Somewhat Agree,Agree,Agree
324,573,Strongly Agree,Improved my chances quite a bit,Somewhat Agree,Agree,Agree,Agree,Agree
325,574,Agree,Improved my chances a great deal,Agree,Strongly Agree,Somewhat Agree,Strongly Agree,Agree
326,575,Strongly Agree,Improved my chances quite a bit,Agree,Agree,Agree,Agree,Agree
327,576,Agree,Improved my chances quite a bit,Agree,Agree,Agree,Agree,Agree
328,577,Agree,Improved my chances quite a bit,Agree,Agree,Agree,Agree,Agree
329,578,Strongly Agree,Improved my chances a great deal,Agree,Agree,Strongly Agree,Strongly Agree,Strongly Agree
330,579,Agree,Improved my chances a great deal,Somewhat Agree,Neither Agree nor Disagree,Agree,Strongly Agree,Somewhat Agree
331,580,Moderately Agree,Improved my chances quite a bit,Neither Agree nor Disagree,Somewhat Agree,Somewhat Agree,Somewhat Agree,Neither Agree nor Disagree
332,581,Moderately Agree,Moderately improved my chances,Somewhat Agree,Somewhat Agree,Somewhat Agree,Somewhat Agree,Somewhat Agree
333,582,Agree,Improved my chances a great deal,Agree,Agree,Somewhat Agree,Agree,Strongly Agree
334,583,Strongly Agree,Improved my chances quite a bit,Somewhat Agree,Somewhat Agree,Somewhat Agree,Strongly Agree,Somewhat Agree
335,584,Moderately Agree,Improved my chances quite a bit,Neither Agree nor Disagree,Neither Agree nor Disagree,Somewhat Agree,Agree,Agree
336,585,Neither Agree nor Disagree,Improved my chances a great deal,Neither Agree nor Disagree,Neither Agree nor Disagree,Strongly Agree,Somewhat Agree,Strongly Agree
337,586,Strongly Agree,Improved my chances a great deal,Strongly Agree,Strongly Agree,Strongly Agree,Strongly Agree,Strongly Agree
338,587,Agree,Moderately improved my chances,Somewhat Agree,Somewhat Agree,Somewhat Disagree,Agree,Somewhat Agree
339,588,Agree,Improved my chances quite a bit,Agree,Somewhat Agree,Agree,Agree,Neither Agree nor Disagree
340,589,Strongly Agree,Improved my chances a great deal,Strongly Agree,Strongly Agree,Agree,Agree,Strongly Agree
341,590,Strongly Agree,Improved my chances a great deal,Somewhat Agree,Agree,Agree,Agree,Somewhat Agree
342,591,Strongly Agree,Improved my chances a great deal,Agree,Strongly Agree,Agree,Strongly Agree,Strongly Agree
343,592,Agree,Improved my chances a great deal,Agree,Somewhat Agree,Strongly Agree,Strongly Agree,Strongly Agree
344,593,Moderately Agree,Improved my chances quite a bit,Somewhat Agree,Somewhat Agree,Agree,Agree,Agree
345,594,Agree,Improved my chances quite a bit,Agree,Agree,Strongly Agree,Strongly Agree,Neither Agree nor Disagree
346,595,Agree,Improved my chances a great deal,Somewhat Agree,Agree,Neither Agree nor Disagree,Strongly Agree,Strongly Agree
347,596,Strongly Agree,Improved my chances a great deal,Strongly Agree,Strongly Agree,Strongly Agree,Strongly Agree,Strongly Agree
348,597,Strongly Agree,Improved my chances quite a bit,Agree,Agree,Agree,Agree,Agree
349,598,Strongly Agree,Improved my chances a great deal,Strongly Agree,Strongly Agree,Strongly Agree,Strongly Agree,Strongly Agree
350,599,Moderately Agree,Improved my chances a little,Neither Agree nor Disagree,Somewhat Agree,Somewhat Agree,Strongly Agree,Somewhat Agree
351,600,Moderately Disagree,Improved my chances a little,Disagree,Disagree,Strongly Disagree,Agree,Somewhat Disagree
352,601,Agree,Improved my chances quite a bit,Agree,Agree,Agree,Agree,Strongly Agree
353,602,Agree,Moderately improved my chances,Disagree,Neither Agree nor Disagree,Somewhat Disagree,Agree,Neither Agree nor Disagree
354,603,Moderately Agree,Improved my chances quite a bit,Neither Agree nor Disagree,Somewhat Agree,Strongly Agree,Agree,Somewhat Agree
355,604,Moderately Agree,Improved my chances quite a bit,Somewhat Agree,Neither Agree nor Disagree,Neither Agree nor Disagree,Agree,Somewhat Agree
356,605,Agree,Improved my chances quite a bit,Agree,Agree,Agree,Agree,Agree
357,606,Agree,Improved my chances quite a bit,Agree,Neither Agree nor Disagree,Strongly Agree,Somewhat Agree,Agree
358,607,Agree,Improved my chances quite a bit,Agree,Neither Agree nor Disagree,Neither Agree nor Disagree,Somewhat Agree,Agree
359,608,Strongly Agree,Improved my chances quite a bit,Strongly Agree,Strongly Agree,Neither Agree nor Disagree,Strongly Agree,Somewhat Agree
360,609,Strongly Agree,Improved my chances quite a bit,Agree,Agree,Neither Agree nor Disagree,Strongly Agree,Agree
361,610,Strongly Agree,Improved my chances quite a bit,Agree,Strongly Agree,Agree,Strongly Agree,Strongly Agree
362,611,Agree,Improved my chances quite a bit,Agree,Agree,Agree,Agree,Agree
363,612,Moderately Agree,Improved my chances quite a bit,Agree,Somewhat Agree,Somewhat Agree,Strongly Agree,Somewhat Agree
364,613,Strongly Agree,Improved my chances a great deal,Strongly Agree,Strongly Agree,Agree,Strongly Agree,Strongly Agree
365,614,Agree,Improved my chances a great deal,Somewhat Agree,Somewhat Agree,Agree,Agree,Agree
366,615,Strongly Agree,Improved my chances a great deal,Agree,Agree,Agree,Agree,Agree
367,616,Moderately Agree,Improved my chances a great deal,Strongly Agree,Strongly Agree,Strongly Agree,Strongly Agree,Strongly Agree
368,617,Moderately Agree,Improved my chances a great deal,Agree,Agree,Agree,Agree,Agree
369,618,Strongly Agree,Improved my chances a great deal,Strongly Agree,Strongly Agree,Strongly Agree,Strongly Agree,Strongly Agree
370,619,Strongly Agree,Improved my chances a great deal,Strongly Agree,Strongly Agree,Strongly Agree,Strongly Agree,Strongly Agree
371,620,Strongly Agree,Improved my chances a great deal,Agree,Agree,Agree,Agree,Agree
372,621,Agree,Improved my chances quite a bit,Strongly Disagree,Strongly Disagree,Disagree,Strongly Disagree,Somewhat Agree
373,622,Agree,Improved my chances quite a bit,Agree,Agree,Neither Agree nor Disagree,Agree,Strongly Agree
374,623,Agree,Improved my chances quite a bit,Agree,Agree,Strongly Agree,Strongly Agree,Somewhat Agree
375,624,Moderately Agree,Moderately improved my chances,Neither Agree nor Disagree,Neither Agree nor Disagree,Neither Agree nor Disagree,Agree,Somewhat Agree
376,625,Moderately Agree,Improved my chances quite a bit,Agree,Agree,Somewhat Agree,Strongly Agree,Somewhat Agree
377,626,Strongly Agree,Improved my chances a great deal,Strongly Agree,Strongly Agree,Strongly Agree,Strongly Agree,Strongly Agree
378,627,Agree,Improved my chances a great deal,Strongly Agree,Strongly Agree,Neither Agree nor Disagree,Strongly Agree,Strongly Agree
379,628,Strongly Agree,Improved my chances a great deal,Agree,Agree,Agree,Strongly Agree,Agree
380,629,Agree,Improved my chances quite a bit,Strongly Agree,Agree,Strongly Agree,Strongly Agree,Agree
381,630,Disagree,Did not improve my chances at all,Disagree,Strongly Disagree,Agree,Neither Agree nor Disagree,Somewhat Agree
382,631,Strongly Agree,Improved my chances a great deal,Agree,Strongly Agree,Strongly Agree,Strongly Agree,Agree
383,632,Strongly Agree,Improved my chances a great deal,Strongly Agree,Strongly Agree,Strongly Agree,Strongly Agree,Strongly Agree
384,633,Strongly Agree,Improved my chances quite a bit,Agree,Agree,Neither Agree nor Disagree,Strongly Agree,Strongly Agree
385,634,Moderately Agree,Moderately improved my chances,Somewhat Agree,Somewhat Agree,Somewhat Agree,Somewhat Agree,Somewhat Agree
386,635,Strongly Agree,Improved my chances a great deal,Agree,Somewhat Agree,Somewhat Agree,Strongly Agree,Agree
387,636,Agree,Moderately improved my chances,Somewhat Agree,Neither Agree nor Disagree,Neither Agree nor Disagree,Agree,Neither Agree nor Disagree
388,637,Strongly Disagree,Improved my chances a great deal,Agree,Agree,Strongly Agree,Agree,Strongly Agree
389,638,Agree,Improved my chances a great deal,Agree,Somewhat Agree,Agree,Agree,Agree
390,639,Agree,Improved my chances quite a bit,Agree,Agree,Somewhat Agree,Agree,Somewhat Agree
391,641,Moderately Agree,Improved my chances a little,Somewhat Agree,Somewhat Agree,Neither Agree nor Disagree,Strongly Agree,Neither Agree nor Disagree
392,642,Strongly Agree,Improved my chances a great deal,Agree,Strongly Agree,Strongly Agree,Strongly Agree,Strongly Agree
393,643,Strongly Agree,Improved my chances quite a bit,Neither Agree nor Disagree,Neither Agree nor Disagree,Somewhat Agree,Somewhat Agree,Neither Agree nor Disagree
394,644,Agree,Improved my chances quite a bit,Strongly Agree,Strongly Agree,Strongly Agree,Strongly Agree,Strongly Agree
395,645,Strongly Agree,Improved my chances a great deal,Somewhat Agree,Somewhat Agree,Strongly Agree,Strongly Agree,Strongly Agree
396,646,Strongly Agree,Improved my chances a great deal,Strongly Agree,Strongly Agree,Strongly Agree,Strongly Agree,Strongly Agree
397,647,Agree,Improved my chances a great deal,Somewhat Agree,Agree,Strongly Agree,Agree,Strongly Agree
398,648,Strongly Agree,Improved my chances a great deal,Strongly Agree,Strongly Agree,Strongly Agree,Strongly Agree,Strongly Agree
399,649,Moderately Agree,Improved my chances quite a bit,Somewhat Agree,Somewhat Agree,Neither Agree nor Disagree,Somewhat Agree,Somewhat Agree
400,651,Strongly Agree,Improved my chances quite a bit,Strongly Agree,Strongly Agree,Strongly Agree,Strongly Agree,Strongly Agree
401,652,Strongly Agree,Improved my chances a great deal,Strongly Agree,Strongly Agree,Strongly Agree,Strongly Agree,Strongly Agree
402,653,Agree,Improved my chances a great deal,Agree,Agree,Agree,Strongly Agree,Strongly Agree
403,654,Strongly Agree,Improved my chances a great deal,Agree,Strongly Agree,Agree,Strongly Agree,Strongly Agree
404,655,Agree,Improved my chances quite a bit,Strongly Agree,Agree,Agree,Strongly Agree,Strongly Agree
405,656,Agree,Improved my chances quite a bit,Agree,Agree,Disagree,Agree,Agree
406,657,Strongly Agree,Improved my chances a great deal,Strongly Agree,Strongly Agree,Strongly Agree,Strongly Agree,Strongly Agree
407,658,Strongly Agree,Improved my chances a great deal,Strongly Agree,Strongly Agree,Strongly Agree,Strongly Agree,Strongly Agree
408,659,Agree,Improved my chances quite a bit,Strongly Agree,Strongly Agree,Neither Agree nor Disagree,Strongly Agree,Strongly Agree
409,660,Strongly Agree,Improved my chances a great deal,Strongly Agree,Strongly Agree,Strongly Agree,Strongly Agree,Strongly Agree
410,661,Moderately Agree,Improved my chances a great deal,Agree,Agree,Agree,Agree,Strongly Agree
411,662,Agree,Improved my chances a great deal,Somewhat Agree,Somewhat Agree,Neither Agree nor Disagree,Somewhat Agree,Somewhat Agree
412,663,Strongly Agree,Improved my chances a great deal,Strongly Agree,Strongly Agree,Agree,Strongly Agree,Strongly Agree
413,664,Moderately Agree,Improved my chances quite a bit,Somewhat Agree,Somewhat Agree,Neither Agree nor Disagree,Strongly Agree,Agree
414,665,Agree,Improved my chances quite a bit,Neither Agree nor Disagree,Somewhat Disagree,Somewhat Agree,Somewhat Agree,Somewhat Agree
415,666,Strongly Agree,Improved my chances quite a bit,Agree,Agree,Somewhat Agree,Agree,Agree
416,667,Agree,Improved my chances quite a bit,Agree,Somewhat Agree,Neither Agree nor Disagree,Strongly Agree,Strongly Agree
417,668,Agree,Improved my chances a great deal,Agree,Agree,Agree,Agree,Somewhat Agree
418,669,Strongly Agree,Improved my chances a great deal,Strongly Agree,Strongly Agree,Somewhat Agree,Agree,Strongly Agree
419,670,Agree,Improved my chances a great deal,Agree,Somewhat Agree,Agree,Agree,Agree
420,671,Neither Agree nor Disagree,Moderately improved my chances,Agree,Agree,Agree,Agree,Agree
421,672,Agree,Improved my chances quite a bit,Agree,Agree,Agree,Agree,Somewhat Agree
422,673,Moderately Agree,Improved my chances quite a bit,Somewhat Agree,Somewhat Agree,Somewhat Agree,Somewhat Agree,Somewhat Agree
423,674,Agree,Improved my chances a great deal,Strongly Agree,Strongly Agree,Strongly Agree,Strongly Agree,Strongly Agree
424,675,Agree,Improved my chances quite a bit,Agree,Somewhat Agree,Strongly Agree,Strongly Agree,Strongly Agree
425,676,Strongly Agree,Improved my chances a great deal,Strongly Agree,Strongly Agree,Strongly Agree,Strongly Agree,Strongly Agree
426,677,Strongly Agree,Moderately improved my chances,Agree,Somewhat Agree,Somewhat Agree,Somewhat Agree,Somewhat Agree
427,678,Moderately Agree,Improved my chances quite a bit,Agree,Somewhat Agree,Somewhat Agree,Agree,Strongly Agree
428,679,Neither Agree nor Disagree,Improved my chances a little,Neither Agree nor Disagree,Neither Agree nor Disagree,Disagree,Agree,Neither Agree nor Disagree
429,680,Strongly Agree,Improved my chances a great deal,Agree,Agree,Agree,Agree,Agree
430,681,Strongly Agree,Improved my chances a great deal,Strongly Agree,Strongly Agree,Strongly Agree,Strongly Agree,Strongly Agree
431,682,Strongly Agree,Improved my chances a great deal,Agree,Agree,Agree,Agree,Agree
432,683,Strongly Agree,Improved my chances quite a bit,Disagree,Neither Agree nor Disagree,Somewhat Agree,Strongly Agree,Neither Agree nor Disagree
433,684,Neither Agree nor Disagree,Improved my chances a great deal,Agree,Agree,Agree,Agree,Agree
434,685,Strongly Agree,Improved my chances a great deal,Strongly Agree,Strongly Agree,Strongly Agree,Strongly Agree,Strongly Agree
435,686,Moderately Agree,Moderately improved my chances,Agree,Neither Agree nor Disagree,Agree,Agree,Agree
436,687,Strongly Agree,Improved my chances quite a bit,Agree,Neither Agree nor Disagree,Neither Agree nor Disagree,Somewhat Agree,Agree
437,688,Moderately Agree,Improved my chances quite a bit,Somewhat Agree,Somewhat Agree,Somewhat Agree,Somewhat Agree,Somewhat Agree
438,689,Agree,Improved my chances a great deal,Agree,Agree,Agree,Agree,Strongly Agree
439,690,Neither Agree nor Disagree,Moderately improved my chances,Neither Agree nor Disagree,Neither Agree nor Disagree,Somewhat Agree,Agree,Neither Agree nor Disagree
440,691,Moderately Agree,Improved my chances quite a bit,Neither Agree nor Disagree,Neither Agree nor Disagree,Somewhat Agree,Somewhat Agree,Strongly Agree
441,692,Moderately Agree,Improved my chances quite a bit,Neither Agree nor Disagree,Neither Agree nor Disagree,Neither Agree nor Disagree,Somewhat Agree,Neither Agree nor Disagree
442,693,Strongly Agree,Improved my chances a great deal,Agree,Agree,Agree,Agree,Agree
443,694,Strongly Agree,Improved my chances a great deal,Somewhat Agree,Agree,Somewhat Agree,Agree,Somewhat Agree
444,695,Agree,Improved my chances quite a bit,Neither Agree nor Disagree,Neither Agree nor Disagree,Neither Agree nor Disagree,Somewhat Agree,Neither Agree nor Disagree
445,696,Moderately Agree,Improved my chances quite a bit,Strongly Agree,Agree,Somewhat Agree,Strongly Agree,Agree
446,697,Strongly Agree,Improved my chances a great deal,Strongly Agree,Agree,Agree,Strongly Agree,Strongly Agree
447,698,Agree,Improved my chances quite a bit,Somewhat Agree,Agree,Neither Agree nor Disagree,Agree,Somewhat Agree
448,699,Moderately Agree,Improved my chances quite a bit,Somewhat Agree,Somewhat Agree,Somewhat Agree,Somewhat Agree,Somewhat Agree
449,700,Strongly Agree,Improved my chances a great deal,Strongly Agree,Strongly Agree,Strongly Agree,Strongly Agree,Strongly Agree
450,701,Agree,Improved my chances quite a bit,Neither Agree nor Disagree,Neither Agree nor Disagree,Somewhat Agree,Agree,Agree
451,702,Moderately Agree,Improved my chances a great deal,Agree,Agree,Agree,Strongly Agree,Agree
452,703,Strongly Agree,Improved my chances a great deal,Strongly Agree,Strongly Agree,Strongly Agree,Strongly Agree,Strongly Agree
453,704,Strongly Agree,Improved my chances a great deal,Strongly Agree,Strongly Agree,Neither Agree nor Disagree,Strongly Agree,Strongly Agree
454,705,Agree,Improved my chances quite a bit,Somewhat Agree,Somewhat Agree,Somewhat Agree,Somewhat Agree,Agree
455,706,Strongly Agree,Improved my chances a great deal,Strongly Agree,Strongly Agree,Strongly Agree,Strongly Agree,Strongly Agree
456,707,Strongly Agree,Improved my chances a great deal,Strongly Agree,Strongly Agree,Strongly Agree,Strongly Agree,Strongly Agree
457,708,Moderately Agree,Improved my chances quite a bit,Somewhat Agree,Somewhat Agree,Agree,Agree,Somewhat Agree
458,709,Strongly Agree,Improved my chances quite a bit,Strongly Agree,Strongly Agree,Somewhat Agree,Somewhat Agree,Strongly Agree
459,710,Agree,Moderately improved my chances,Somewhat Agree,Somewhat Agree,Somewhat Agree,Neither Agree nor Disagree,Somewhat Agree
460,711,Strongly Agree,Improved my chances a great deal,Agree,Agree,Neither Agree nor Disagree,Agree,Agree
461,712,Agree,Improved my chances a great deal,Neither Agree nor Disagree,Somewhat Agree,Somewhat Disagree,Strongly Agree,Somewhat Disagree
462,713,Strongly Agree,Improved my chances a great deal,Strongly Agree,Strongly Agree,Strongly Agree,Strongly Agree,Strongly Agree
463,714,Strongly Agree,Improved my chances a great deal,Strongly Agree,Strongly Agree,Strongly Agree,Strongly Agree,Strongly Agree
464,715,Strongly Agree,Improved my chances a great deal,Strongly Agree,Strongly Agree,Strongly Agree,Strongly Agree,Strongly Agree
465,716,Strongly Agree,Improved my chances quite a bit,Agree,Agree,Somewhat Agree,Strongly Agree,Agree
466,717,Moderately Agree,Improved my chances a great deal,Neither Agree nor Disagree,Somewhat Agree,Neither Agree nor Disagree,Agree,Strongly Agree
467,718,Moderately Agree,Improved my chances quite a bit,Agree,Agree,Strongly Agree,Agree,Strongly Agree
468,719,Strongly Agree,Improved my chances a great deal,Strongly Agree,Strongly Agree,Strongly Agree,Strongly Agree,Strongly Agree
469,720,Agree,Improved my chances quite a bit,Somewhat Agree,Somewhat Agree,Strongly Agree,Somewhat Agree,Neither Agree nor Disagree
470,721,Agree,Improved my chances a great deal,Agree,Somewhat Agree,Strongly Agree,Strongly Agree,Strongly Agree
471,722,Strongly Agree,Improved my chances a great deal,Strongly Agree,Neither Agree nor Disagree,Strongly Disagree,Neither Agree nor Disagree,Strongly Agree
472,723,Strongly Agree,Improved my chances a great deal,Strongly Agree,Strongly Agree,Strongly Agree,Strongly Agree,Strongly Agree
473,724,Strongly Agree,Improved my chances a great deal,Strongly Agree,Strongly Agree,Strongly Agree,Strongly Agree,Strongly Agree
474,725,Strongly Agree,Improved my chances quite a bit,Agree,Agree,Strongly Agree,Strongly Agree,Somewhat Agree
475,726,Neither Agree nor Disagree,Improved my chances a little,Neither Agree nor Disagree,Neither Agree nor Disagree,Agree,Somewhat Agree,Neither Agree nor Disagree
476,727,Strongly Agree,Improved my chances a great deal,Agree,Agree,Neither Agree nor Disagree,Agree,Agree
477,728,Strongly Agree,Improved my chances a great deal,Strongly Agree,Strongly Agree,Somewhat Agree,Strongly Agree,Strongly Agree
478,729,Strongly Agree,Improved my chances a great deal,Agree,Agree,Strongly Agree,Strongly Agree,Strongly Agree
479,730,Strongly Agree,Improved my chances quite a bit,Somewhat Agree,Agree,Agree,Agree,Agree
480,731,Agree,Improved my chances quite a bit,Agree,Agree,Agree,Agree,Neither Agree nor Disagree
481,732,Neither Agree nor Disagree,Improved my chances a little,Neither Agree nor Disagree,Neither Agree nor Disagree,Neither Agree nor Disagree,Somewhat Agree,Somewhat Agree
482,733,Moderately Agree,Improved my chances quite a bit,Agree,Agree,Agree,Strongly Agree,Strongly Agree
483,734,Agree,Improved my chances a great deal,Strongly Agree,Agree,Neither Agree nor Disagree,Somewhat Agree,Somewhat Agree
484,735,Neither Agree nor Disagree,Moderately improved my chances,Somewhat Agree,Neither Agree nor Disagree,Disagree,Agree,Neither Agree nor Disagree
485,736,Strongly Agree,Improved my chances a great deal,Strongly Agree,Strongly Agree,Strongly Agree,Strongly Agree,Strongly Agree
486,737,Strongly Agree,Improved my chances a great deal,Strongly Agree,Strongly Agree,Strongly Agree,Strongly Agree,Strongly Agree
487,738,Strongly Agree,Improved my chances a great deal,Strongly Agree,Strongly Agree,Strongly Agree,Strongly Agree,Strongly Agree
488,739,Strongly Agree,Improved my chances a great deal,Strongly Agree,Strongly Agree,Strongly Agree,Strongly Agree,Strongly Agree
489,740,Strongly Agree,Improved my chances a great deal,Strongly Agree,Strongly Agree,Strongly Agree,Strongly Agree,Strongly Agree
490,741,Strongly Agree,Improved my chances a great deal,Agree,Agree,Somewhat Agree,Somewhat Agree,Strongly Agree
491,742,Strongly Agree,Improved my chances a great deal,Strongly Agree,Strongly Agree,Strongly Agree,Strongly Agree,Strongly Agree
492,743,Strongly Agree,Improved my chances a great deal,Strongly Agree,Strongly Agree,Strongly Agree,Strongly Agree,Strongly Agree
493,744,Disagree,Improved my chances a little,Neither Agree nor Disagree,Strongly Disagree,Strongly Agree,Neither Agree nor Disagree,Neither Agree nor Disagree
494,745,Agree,Improved my chances quite a bit,Neither Agree nor Disagree,Somewhat Agree,Somewhat Agree,Somewhat Agree,Somewhat Agree
495,746,Strongly Agree,Improved my chances a great deal,Agree,Agree,Agree,Agree,Agree
496,747,Strongly Agree,Improved my chances a great deal,Agree,Strongly Agree,Agree,Agree,Strongly Agree
497,748,Moderately Agree,Improved my chances quite a bit,Somewhat Agree,Neither Agree nor Disagree,Neither Agree nor Disagree,Agree,Neither Agree nor Disagree
498,749,Moderately Agree,Moderately improved my chances,Neither Agree nor Disagree,Neither Agree nor Disagree,Somewhat Agree,Somewhat Agree,Neither Agree nor Disagree
499,750,Strongly Agree,Improved my chances quite a bit,Agree,Agree,Agree,Agree,Strongly Agree
500,751,Strongly Agree,Improved my chances a great deal,Strongly Agree,Strongly Agree,Strongly Agree,Strongly Agree,Strongly Agree
501,752,Neither Agree nor Disagree,Improved my chances quite a bit,Somewhat Agree,Somewhat Agree,Agree,Agree,Somewhat Agree
502,753,Strongly Agree,Improved my chances a great deal,Agree,Agree,Agree,Agree,Agree
503,754,Agree,Improved my chances quite a bit,Agree,Agree,Agree,Agree,Agree
504,755,Moderately Agree,Improved my chances quite a bit,Somewhat Agree,Neither Agree nor Disagree,Neither Agree nor Disagree,Agree,Agree
505,756,Agree,Improved my chances quite a bit,Somewhat Agree,Somewhat Agree,Neither Agree nor Disagree,Agree,Neither Agree nor Disagree
506,757,Neither Agree nor Disagree,Improved my chances quite a bit,Neither Agree nor Disagree,Neither Agree nor Disagree,Somewhat Agree,Neither Agree nor Disagree,Somewhat Agree
507,758,Strongly Agree,Improved my chances a great deal,Strongly Agree,Strongly Agree,Strongly Agree,Strongly Agree,Strongly Agree
508,759,Strongly Agree,Improved my chances a great deal,Strongly Agree,Strongly Agree,Strongly Agree,Strongly Agree,Strongly Agree
509,760,Neither Agree nor Disagree,Improved my chances a great deal,Somewhat Agree,Neither Agree nor Disagree,Neither Agree nor Disagree,Somewhat Agree,Somewhat Agree
510,761,Strongly Agree,Improved my chances quite a bit,Somewhat Agree,Somewhat Agree,Agree,Agree,Somewhat Agree
511,762,Agree,Improved my chances a great deal,Strongly Agree,Strongly Agree,Strongly Agree,Strongly Agree,Strongly Agree
512,763,Strongly Agree,Improved my chances a great deal,Strongly Agree,Strongly Agree,Strongly Agree,Strongly Agree,Strongly Agree
513,764,Strongly Agree,Improved my chances a great deal,Strongly Agree,Strongly Agree,Agree,Strongly Agree,Strongly Agree
514,765,Strongly Agree,Improved my chances a great deal,Agree,Somewhat Agree,Neither Agree nor Disagree,Agree,Somewhat Agree
515,766,Agree,Moderately improved my chances,Somewhat Agree,Neither Agree nor Disagree,Agree,Strongly Agree,Agree
516,767,Neither Agree nor Disagree,Moderately improved my chances,Neither Agree nor Disagree,Neither Agree nor Disagree,Agree,Agree,Neither Agree nor Disagree
517,768,Moderately Disagree,Improved my chances a little,Somewhat Disagree,Neither Agree nor Disagree,Neither Agree nor Disagree,Neither Agree nor Disagree,Neither Agree nor Disagree
518,769,Strongly Agree,Improved my chances a great deal,Strongly Agree,Strongly Agree,Strongly Agree,Strongly Agree,Strongly Agree
519,770,Strongly Agree,Improved my chances a great deal,Strongly Agree,Somewhat Agree,Neither Agree nor Disagree,Strongly Agree,Somewhat Agree
